timestamp,open,high,low,close,volume,close_time,quote_asset_volume,number_of_trades,taker_buy_base_asset_volume,taker_buy_quote_asset_volume,ignore
2023-01-01 03:00:00,16548.19,16548.19,16518.21,16529.89,2812.80041,1672543799999,46492505.86057900,87133,1352.43700000,22354176.61050520,0
2023-01-01 03:30:00,16529.89,16537.72,16526.74,16533.04,1429.28009,1672545599999,23630036.07687540,50591,743.65587000,12294867.87462520,0
2023-01-01 04:00:00,16533.04,16535.97,16516.49,16518.59,2251.36363,1672547399999,37205350.61888990,64324,1112.29293000,18381501.68890890,0
2023-01-01 04:30:00,16518.31,16526.99,16511.92,16521.85,2033.64546,1672549199999,33597293.85925470,65211,1076.10882000,17778316.33516230,0
2023-01-01 05:00:00,16522.22,16524.0,16512.3,16521.07,2048.58468,1672550999999,33839262.85622360,64151,1046.16817000,17281350.09558460,0
2023-01-01 05:30:00,16521.42,16534.98,16514.79,16530.71,1668.7871,1672552799999,27572954.27115410,54390,879.48766000,14531541.48987160,0
2023-01-01 06:00:00,16530.71,16550.0,16528.81,16544.63,1925.38852,1672554599999,31847612.91650140,58313,930.47785000,15390744.37894810,0
2023-01-01 06:30:00,16545.02,16546.93,16538.41,16539.79,1419.51354,1672556399999,23481947.73694970,47761,694.68394000,11491712.67869280,0
2023-01-01 07:00:00,16539.79,16544.57,16499.01,16522.78,3289.55667,1672558199999,54346650.83378310,86470,1535.88167000,25374325.92072980,0
2023-01-01 07:30:00,16522.28,16532.37,16504.17,16526.19,1895.40155,1672559999999,31316941.09591580,62075,940.70848000,15543247.44456470,0
2023-01-01 08:00:00,16525.7,16534.03,16513.24,16523.23,2146.40427,1672561799999,35465225.66385930,67881,1039.20320000,17171185.83731500,0
2023-01-01 08:30:00,16522.83,16527.11,16508.45,16513.34,2125.51596,1672563599999,35103157.79392340,67724,1053.19950000,17393834.25669880,0
2023-01-01 09:00:00,16513.33,16522.63,16505.2,16514.23,2003.4674,1672565399999,33085409.35557940,65709,1005.80693000,16610066.97513750,0
2023-01-01 09:30:00,16514.64,16542.49,16514.22,16537.88,2097.28309,1672567199999,34668786.62662960,68361,1097.53446000,18142608.71461950,0
2023-01-01 10:00:00,16538.32,16547.38,16533.42,16544.07,1980.54253,1672568999999,32757394.92457690,65899,1019.03417000,16854613.74745320,0
2023-01-01 10:30:00,16543.69,16548.71,16533.79,16548.34,1823.22363,1672570799999,30156125.05145410,62146,919.05447000,15201350.70156080,0
2023-01-01 11:00:00,16547.98,16552.67,16540.2,16544.56,1829.20618,1672572599999,30267977.55150420,67445,894.61153000,14803412.10353210,0
2023-01-01 11:30:00,16544.56,16557.0,16542.14,16556.66,1910.32395,1672574399999,31615915.22876950,66593,975.78762000,16149518.26667040,0
2023-01-01 12:00:00,16556.66,16572.42,16548.58,16564.27,2563.28252,1672576199999,42448326.28471530,82718,1283.91946000,21262155.09414180,0
2023-01-01 12:30:00,16564.06,16572.94,16555.0,16560.93,1587.20312,1672577999999,26285011.77082980,64082,781.01040000,12934018.91251040,0
2023-01-01 13:00:00,16561.29,16567.26,16541.27,16550.92,2187.89837,1672579799999,36219784.01520270,75595,1048.36089000,17355570.56899130,0
2023-01-01 13:30:00,16550.92,16552.0,16539.05,16548.04,2191.78366,1672581599999,36263414.29425910,75611,1083.89694000,17933509.32711170,0
2023-01-01 14:00:00,16547.61,16558.19,16545.34,16556.53,1631.70451,1672583399999,27008232.36178670,56506,850.79490000,14082615.33853940,0
2023-01-01 14:30:00,16556.15,16558.56,16540.85,16542.94,1663.28642,1672585199999,27526783.18056550,53906,810.19722000,13408667.71145790,0
2023-01-01 15:00:00,16542.94,16549.78,16533.68,16542.89,1767.6181,1672586999999,29242457.14315910,60299,895.78423000,14819529.56992420,0
2023-01-01 15:30:00,16543.28,16559.99,16542.0,16558.73,1453.31426,1672588799999,24050506.33432870,51959,761.73119000,12605875.01885660,0
2023-01-01 16:00:00,16558.73,16584.66,16558.0,16577.68,2912.49862,1672590599999,48255034.46139050,85713,1498.04573000,24820423.77354930,0
2023-01-01 16:30:00,16578.16,16584.3,16559.56,16565.14,2049.63373,1672592399999,33962201.69922430,66504,1016.77775000,16848230.03636800,0
2023-01-01 17:00:00,16565.13,16596.64,16562.51,16582.65,2857.1389,1672594199999,47366666.36400040,88243,1489.75832000,24698223.84187500,0
2023-01-01 17:30:00,16582.65,16589.52,16572.11,16578.85,1857.26464,1672595999999,30794347.98789510,63650,905.90519000,15020532.95076190,0
2023-01-01 18:00:00,16579.25,16603.89,16578.85,16594.11,2395.69269,1672597799999,39751866.14458500,78907,1272.16345000,21109382.88339540,0
2023-01-01 18:30:00,16593.68,16599.34,16586.2,16591.88,1750.67976,1672599599999,29048832.74685160,62499,883.94537000,14667403.08955930,0
2023-01-01 19:00:00,16591.35,16623.65,16591.34,16618.35,2649.0259,1672601399999,43993979.11672910,84014,1371.97028000,22785271.65094420,0
2023-01-01 19:30:00,16617.84,16623.17,16592.76,16603.08,2060.71433,1672603199999,34229034.00409070,64966,998.83906000,16591613.29501010,0
2023-01-01 20:00:00,16603.53,16628.0,16600.55,16616.08,2308.09184,1672604999999,38341515.92144030,78522,1196.95312000,19883973.21051340,0
2023-01-01 20:30:00,16616.08,16624.19,16601.04,16604.51,1880.96134,1672606799999,31248867.61635200,69327,929.65858000,15444828.09109710,0
2023-01-01 21:00:00,16604.51,16608.31,16592.63,16601.35,1928.25135,1672608599999,32009854.22053170,70286,965.98427000,16035868.92439260,0
2023-01-01 21:30:00,16601.8,16608.83,16596.99,16606.68,1728.52669,1672610399999,28699149.72225160,66218,892.76647000,14823032.54056830,0
2023-01-01 22:00:00,16607.02,16613.85,16586.24,16595.55,1885.45128,1672612199999,31300184.76743420,63883,928.92908000,15421339.36647360,0
2023-01-01 22:30:00,16595.55,16602.97,16592.24,16602.12,1804.74533,1672613999999,29953995.97891380,62564,937.97647000,15568247.02339550,0
2023-01-01 23:00:00,16602.39,16625.0,16600.8,16608.6,1878.22655,1672615799999,31204306.42908520,63408,923.22987000,15338212.27316320,0
2023-01-01 23:30:00,16608.0,16621.44,16602.61,16616.75,1968.3884,1672617599999,32696384.48221370,64990,982.72942000,16324137.47892000,0
2023-01-02 00:00:00,16617.17,16629.05,16587.82,16588.45,2310.22539,1672619399999,38373200.91688300,77433,1038.42257000,17248621.46090610,0
2023-01-02 00:30:00,16588.45,16599.35,16581.25,16588.35,2016.84409,1672621199999,33458937.55231420,71585,990.04769000,16424901.48851380,0
2023-01-02 01:00:00,16587.97,16589.2,16548.7,16568.83,4351.23681,1672622999999,72075240.41258680,121668,2104.73702000,34864074.02179310,0
2023-01-02 01:30:00,16568.34,16574.87,16563.04,16565.04,1440.61762,1672624799999,23869684.63292420,59257,711.64129000,11791377.04342570,0
2023-01-02 02:00:00,16565.03,16580.31,16555.0,16577.35,1794.73719,1672626599999,29742985.66369860,64224,907.61444000,15041400.96057470,0
2023-01-02 02:30:00,16577.27,16595.92,16575.0,16587.85,1355.67852,1672628399999,22481902.44831200,54600,690.91503000,11457900.04223620,0
2023-01-02 03:00:00,16587.99,16594.99,16581.8,16584.06,1340.81067,1672630199999,22242007.59318490,57895,655.01923000,10865851.03226350,0
2023-01-02 03:30:00,16583.83,16707.25,16583.22,16661.94,4853.32481,1672631999999,80788643.65937330,113330,2622.30448000,43651404.67596550,0
2023-01-02 04:00:00,16662.38,16674.84,16633.54,16640.79,3062.04412,1672633799999,50987668.12320220,93473,1500.40989000,24984485.55065950,0
2023-01-02 04:30:00,16640.79,16650.56,16629.29,16639.44,1921.35033,1672635599999,31968665.06608390,74649,924.52977000,15383122.64732860,0
2023-01-02 05:00:00,16639.74,16644.32,16619.44,16634.53,2010.67706,1672637399999,33439573.84326600,75707,1006.10569000,16732600.08860940,0
2023-01-02 05:30:00,16634.53,16662.94,16622.91,16647.58,2966.10696,1672639199999,49376066.91676020,77911,1272.63289000,21184911.40489030,0
2023-01-02 06:00:00,16648.37,16663.27,16647.38,16647.91,1576.13169,1672640999999,26249708.59993160,70609,782.47410000,13031830.61485230,0
2023-01-02 06:30:00,16648.24,16649.03,16635.93,16641.1,1634.48605,1672642799999,27199037.05616640,62448,797.84209000,13276813.75165340,0
2023-01-02 07:00:00,16641.1,16769.51,16637.44,16735.58,7823.76992,1672644599999,130739499.60336530,182860,4191.30060000,70034917.68037930,0
2023-01-02 07:30:00,16735.87,16760.69,16716.0,16721.28,5032.31565,1672646399999,84217666.40119530,139362,2416.24473000,40437186.12536480,0
2023-01-02 08:00:00,16721.27,16772.01,16707.52,16738.48,4368.52485,1672648199999,73122649.68837110,133628,2280.57465000,38174097.52177770,0
2023-01-02 08:30:00,16738.93,16756.64,16724.85,16733.71,2712.28641,1672649999999,45407223.81892370,99061,1319.67066000,22093353.85393040,0
2023-01-02 09:00:00,16733.71,16745.68,16720.0,16723.37,2819.67217,1672651799999,47176583.61836570,96150,1375.04691000,23006801.11912270,0
2023-01-02 09:30:00,16723.77,16736.59,16710.54,16717.5,2779.53679,1672653599999,46479227.23218230,92221,1331.59056000,22267599.93663900,0
2023-01-02 10:00:00,16717.5,16762.86,16708.68,16732.41,3808.08711,1672655399999,63726459.36533660,110189,1999.33212000,33457803.15378110,0
2023-01-02 10:30:00,16732.41,16742.31,16722.15,16727.95,2084.48994,1672657199999,34875402.56039820,88255,1067.12061000,17854077.62416510,0
2023-01-02 11:00:00,16727.72,16732.7,16716.52,16718.59,2118.78825,1672658999999,35432962.66395230,84348,1048.64889000,17537029.45944040,0
2023-01-02 11:30:00,16718.56,16741.72,16704.07,16735.11,2576.55567,1672660799999,43092012.42749660,95846,1345.59785000,22505530.63847040,0
2023-01-02 12:00:00,16735.51,16746.29,16730.04,16737.28,2183.32262,1672662599999,36543547.47626010,91825,1139.79958000,19077844.20035140,0
2023-01-02 12:30:00,16737.28,16739.32,16719.3,16721.54,2078.68101,1672664399999,34772894.48607490,86795,982.76676000,16440463.27662290,0
2023-01-02 13:00:00,16721.96,16725.6,16712.6,16718.34,2133.01767,1672666199999,35661136.45824300,83506,1029.45282000,17211333.89380050,0
2023-01-02 13:30:00,16718.34,16721.6,16685.0,16694.78,3465.27939,1672667999999,57872859.26705780,107600,1553.34093000,25942120.81445510,0
2023-01-02 14:00:00,16695.12,16710.41,16689.99,16690.42,2552.49609,1672669799999,42629293.57471210,88418,1234.01906000,20609647.06933240,0
2023-01-02 14:30:00,16690.42,16703.93,16669.15,16698.69,2907.85466,1672671599999,48532854.42790750,95741,1480.70847000,24714026.42805820,0
2023-01-02 15:00:00,16698.69,16724.99,16692.01,16717.14,3146.58155,1672673399999,52577964.14210470,99344,1662.26625000,27775282.18065600,0
2023-01-02 15:30:00,16716.73,16750.0,16715.89,16734.66,3279.98192,1672675199999,54883021.19103370,102711,1715.85433000,28711636.88934390,0
2023-01-02 16:00:00,16734.66,16739.64,16718.79,16731.9,1796.33833,1672676999999,30053437.73269180,75382,892.44233000,14931235.52846610,0
2023-01-02 16:30:00,16731.56,16738.55,16708.23,16710.88,2064.68177,1672678799999,34534976.75589170,80517,988.07227000,16527362.77190530,0
2023-01-02 17:00:00,16710.69,16718.35,16707.12,16718.26,1734.44565,1672680599999,28987993.70575840,67836,953.73703000,15940174.47412750,0
2023-01-02 17:30:00,16717.93,16723.0,16711.23,16715.42,1301.46928,1672682399999,21754545.21952750,57136,669.23357000,11186591.52535840,0
2023-01-02 18:00:00,16715.42,16716.99,16707.59,16711.8,1210.71342,1672684199999,20233712.00270950,54216,636.29431000,10633960.86957550,0
2023-01-02 18:30:00,16711.8,16731.71,16707.47,16723.81,1599.98058,1672685999999,26749891.54857520,59648,833.67211000,13938149.84507010,0
2023-01-02 19:00:00,16723.64,16728.75,16715.88,16717.02,1108.8814,1672687799999,18544018.39264160,48669,525.47548000,8787837.15473600,0
2023-01-02 19:30:00,16717.02,16738.22,16716.94,16737.56,1498.2261,1672689599999,25061471.89321350,59704,790.58305000,13224615.89559940,0
2023-01-02 20:00:00,16737.56,16738.23,16709.29,16729.44,1678.77624,1672691399999,28073019.83395020,62491,825.23714000,13799639.40598270,0
2023-01-02 20:30:00,16729.82,16734.0,16719.72,16728.52,1202.76274,1672693199999,20120459.97955010,49331,592.20148000,9906802.76019610,0
2023-01-02 21:00:00,16728.52,16735.82,16720.2,16727.83,1398.50846,1672694999999,23394913.03550040,52583,731.63619000,12239305.61474770,0
2023-01-02 21:30:00,16727.65,16799.23,16718.41,16757.76,2372.57068,1672696799999,39741267.09041180,66941,1301.63575000,21803812.16765970,0
2023-01-02 22:00:00,16757.76,16763.78,16724.08,16725.97,1932.3447,1672698599999,32354381.19714670,73018,895.58267000,14995804.83681600,0
2023-01-02 22:30:00,16725.64,16728.66,16690.18,16698.4,3676.8063,1672700399999,61425008.22153540,99656,1866.16810000,31176464.87996360,0
2023-01-02 23:00:00,16698.4,16722.98,16686.0,16710.46,3500.74778,1672702199999,58490140.63663000,94765,1807.16953000,30193347.17470670,0
2023-01-02 23:30:00,16709.99,16713.78,16660.51,16672.87,3305.8055,1672703999999,55167397.13447640,81576,1438.08651000,23999629.13753210,0
2023-01-03 00:00:00,16672.78,16693.0,16647.81,16682.79,3298.83443,1672705799999,55007087.01270630,93411,1685.07787000,28097724.03312620,0
2023-01-03 00:30:00,16682.79,16706.14,16680.4,16695.59,2385.7804,1672707599999,39839072.42678020,85546,1198.92879000,20020327.88096870,0
2023-01-03 01:00:00,16695.59,16696.04,16651.42,16660.27,3164.04431,1672709399999,52755915.80027740,97738,1543.44482000,25734717.78485900,0
2023-01-03 01:30:00,16660.27,16681.75,16655.74,16677.6,2442.16339,1672711199999,40708258.12428610,85907,1241.18692000,20689559.64856150,0
2023-01-03 02:00:00,16677.6,16688.53,16671.6,16675.5,2042.88663,1672712999999,34077110.71847150,74985,982.15547000,16383406.45970180,0
2023-01-03 02:30:00,16675.5,16685.37,16671.84,16674.03,2174.34821,1672714799999,36265964.86718790,82386,1066.85434000,17794188.53287590,0
2023-01-03 03:00:00,16674.04,16692.31,16666.91,16685.26,2497.30675,1672716599999,41648073.20341640,86640,1329.69568000,22176037.43754410,0
2023-01-03 03:30:00,16685.66,16700.28,16683.79,16691.81,2178.09184,1672718399999,36358624.26093250,95849,1107.24160000,18483235.65469580,0
2023-01-03 04:00:00,16691.81,16699.63,16686.8,16693.03,1822.78022,1672720199999,30427233.33483680,79907,881.69060000,14718039.21192510,0
2023-01-03 04:30:00,16693.02,16694.99,16681.79,16685.64,1768.58796,1672721999999,29514498.77145660,65390,880.42740000,14692855.04397760,0
2023-01-03 05:00:00,16685.21,16707.0,16683.31,16693.55,2247.72695,1672723799999,37525298.93275880,91158,1132.75333000,18911370.81823090,0
2023-01-03 05:30:00,16693.54,16727.72,16691.91,16725.5,2966.86763,1672725599999,49580007.95641090,109520,1540.93863000,25751101.75005120,0
2023-01-03 06:00:00,16725.5,16760.42,16724.42,16759.25,3782.1112,1672727399999,63328596.41603290,129078,1944.43486000,32558770.13010070,0
2023-01-03 06:30:00,16759.25,16778.4,16722.31,16727.58,3341.29299,1672729199999,55936325.32797760,117350,1636.23918000,27391788.39195620,0
2023-01-03 07:00:00,16727.58,16731.83,16711.53,16716.18,2775.22511,1672730999999,46408387.73351520,98600,1327.36783000,22197256.36057250,0
2023-01-03 07:30:00,16715.81,16732.64,16707.57,16729.74,2729.75127,1672732799999,45642487.63517300,96277,1389.02010000,23225323.26653450,0
2023-01-03 08:00:00,16730.15,16735.84,16709.27,16719.53,3267.31778,1672734599999,54632260.52418180,114428,1605.73250000,26849334.44171210,0
2023-01-03 08:30:00,16719.9,16721.41,16698.15,16715.22,3793.43391,1672736399999,63389219.96442430,130950,1876.12621000,31351076.64158450,0
2023-01-03 09:00:00,16714.77,16735.64,16714.0,16727.38,3184.24531,1672738199999,53261672.94774380,106761,1606.20905000,26866527.16938470,0
2023-01-03 09:30:00,16727.54,16766.0,16727.31,16741.31,3793.66134,1672739999999,63520901.66338990,122098,1970.42632000,32993411.94283220,0
2023-01-03 10:00:00,16741.22,16749.1,16730.07,16735.88,3085.11721,1672741799999,51638079.74733430,101156,1501.96369000,25139797.94753240,0
2023-01-03 10:30:00,16735.53,16741.94,16721.89,16724.32,2554.93069,1672743599999,42753817.11916670,88692,1290.97623000,21603348.16143980,0
2023-01-03 11:00:00,16724.0,16731.24,16722.61,16727.29,2480.10082,1672745399999,41483747.38924040,87957,1183.81675000,19801497.49113740,0
2023-01-03 11:30:00,16727.29,16737.58,16709.87,16721.03,3417.3567,1672747199999,57156788.81748640,104830,1660.35972000,27770860.89721040,0
2023-01-03 12:00:00,16721.42,16728.02,16710.38,16718.98,3253.40348,1672748999999,54396616.07508520,110821,1636.53152000,27363008.18006440,0
2023-01-03 12:30:00,16718.98,16726.32,16703.0,16710.85,3213.2324,1672750799999,53710819.13348450,107858,1575.92540000,26342719.20786550,0
2023-01-03 13:00:00,16710.85,16734.89,16709.41,16718.44,4199.4761,1672752599999,70236089.51160090,124922,2015.58203000,33710478.49468750,0
2023-01-03 13:30:00,16718.7,16739.93,16716.6,16725.53,3367.86583,1672754399999,56330610.89018000,105994,1722.54401000,28811651.96491140,0
2023-01-03 14:00:00,16725.53,16747.89,16722.81,16742.3,4347.32187,1672756199999,72759852.91685810,124655,2202.42896000,36861537.74775050,0
2023-01-03 14:30:00,16742.79,16773.0,16631.95,16661.23,11322.74579,1672757999999,189336506.36360280,249093,5347.10715000,89426680.35592240,0
2023-01-03 15:00:00,16662.08,16683.45,16620.8,16647.29,7582.43942,1672759799999,126300295.09420060,194231,3836.21773000,63899782.42226890,0
2023-01-03 15:30:00,16647.3,16681.26,16617.79,16676.94,4845.29893,1672761599999,80674657.46673480,146986,2490.60672000,41469438.48087860,0
2023-01-03 16:00:00,16677.54,16688.2,16633.07,16652.47,5445.28404,1672763399999,90718502.07616060,152069,2611.17698000,43502453.35695010,0
2023-01-03 16:30:00,16653.16,16665.47,16611.3,16622.58,4828.28485,1672765199999,80341030.60966510,140849,2354.49414000,39179499.80397630,0
2023-01-03 17:00:00,16621.93,16644.0,16615.01,16625.38,3487.95079,1672766999999,58008441.54211010,108963,1751.85116000,29135577.09148880,0
2023-01-03 17:30:00,16625.38,16639.9,16605.28,16633.65,3297.81985,1672768799999,54824491.90329880,107250,1684.92664000,28011641.94599040,0
2023-01-03 18:00:00,16633.15,16653.53,16626.8,16651.22,2968.9329,1672770599999,49392710.75995240,99083,1529.62202000,25448487.46290520,0
2023-01-03 18:30:00,16651.22,16653.48,16636.0,16645.08,2730.02648,1672772399999,45444560.40574980,93457,1373.14954000,22858112.19917680,0
2023-01-03 19:00:00,16644.51,16648.43,16622.41,16634.27,3158.33709,1672774199999,52543477.02889800,101417,1556.94870000,25902371.03437660,0
2023-01-03 19:30:00,16634.27,16657.54,16624.81,16643.37,3602.49675,1672775999999,59949298.65103960,105961,1827.96793000,30419690.72818750,0
2023-01-03 20:00:00,16643.77,16680.44,16640.4,16659.61,4220.55811,1672777799999,70304733.55748380,115417,2116.99171000,35263282.34156720,0
2023-01-03 20:30:00,16659.61,16671.37,16650.36,16661.37,2832.50313,1672779599999,47191621.08459200,97057,1430.09225000,23826774.72412950,0
2023-01-03 21:00:00,16661.37,16671.3,16658.36,16668.48,2260.68608,1672781399999,37673909.35651010,83082,1130.96399000,18847527.79216020,0
2023-01-03 21:30:00,16668.83,16685.73,16660.76,16664.63,2328.26536,1672783199999,38810108.64768610,77028,1250.43577000,20844356.91278680,0
2023-01-03 22:00:00,16664.44,16669.0,16647.71,16662.27,1880.13639,1672784999999,31321324.20962770,69481,928.48736000,15468112.79904390,0
2023-01-03 22:30:00,16662.27,16680.37,16651.62,16677.11,1959.14494,1672786799999,32648106.45066740,67624,1004.36371000,16737726.95005720,0
2023-01-03 23:00:00,16677.11,16695.0,16670.71,16676.96,3633.18907,1672788599999,60607250.24443670,107222,1859.61771000,31021872.29346760,0
2023-01-03 23:30:00,16676.96,16679.95,16667.16,16675.18,1582.17463,1672790399999,26381471.65085560,60462,774.66144000,12917061.32454610,0
2023-01-04 00:00:00,16675.65,16677.15,16663.05,16675.14,2415.33629,1672792199999,40264138.63766520,79449,1226.52058000,20446557.32948180,0
2023-01-04 00:30:00,16675.14,16676.58,16652.66,16660.53,2507.44389,1672793999999,41781358.86458010,87798,1226.73401000,20441142.44296690,0
2023-01-04 01:00:00,16660.53,16737.23,16657.68,16711.5,5961.38171,1672795799999,99565872.56703150,161325,3055.55219000,51032841.95275870,0
2023-01-04 01:30:00,16711.5,16727.1,16695.68,16701.97,3531.43033,1672797599999,59006084.31485160,122071,1742.43498000,29114379.60464080,0
2023-01-04 02:00:00,16701.63,16726.94,16701.5,16718.76,3450.97516,1672799399999,57684329.01331810,115952,1732.37106000,28957505.65283440,0
2023-01-04 02:30:00,16718.32,16754.52,16717.23,16736.52,5731.71514,1672801199999,95931755.22393380,152527,3025.12125000,50632538.96690610,0
2023-01-04 03:00:00,16736.52,16854.7,16736.39,16802.9,11793.53805,1672802999999,198193386.43659870,231393,6136.33378000,103121490.26726410,0
2023-01-04 03:30:00,16802.44,16877.65,16800.0,16862.02,6512.75197,1672804799999,109630862.38528670,163206,3139.82946000,52851945.97628040,0
2023-01-04 04:00:00,16862.61,16910.98,16850.16,16850.43,6784.38558,1672806599999,114487474.80948770,165770,3523.34837000,59457474.09987240,0
2023-01-04 04:30:00,16850.66,16878.77,16849.44,16860.5,3371.37866,1672808399999,56870463.49642590,116973,1649.75663000,27829025.00262600,0
2023-01-04 05:00:00,16861.05,16867.22,16840.36,16852.75,3343.93017,1672810199999,56351440.96475500,110368,1588.80927000,26774384.86566110,0
2023-01-04 05:30:00,16852.94,16860.5,16841.0,16857.57,2723.97023,1672811999999,45898308.78565510,100066,1362.39395000,22956409.64573870,0
2023-01-04 06:00:00,16857.57,16866.11,16849.31,16861.76,3242.6128,1672813799999,54664909.20822600,114053,1602.73637000,27019526.57131220,0
2023-01-04 06:30:00,16862.18,16880.0,16852.0,16878.18,3071.71038,1672815599999,51799256.83685730,116417,1538.06093000,25937605.39531140,0
2023-01-04 07:00:00,16878.87,16891.27,16850.0,16857.53,3927.37884,1672817399999,66243652.33011710,128848,1920.07617000,32387043.20559950,0
2023-01-04 07:30:00,16857.53,16879.0,16850.94,16869.44,3804.88644,1672819199999,64174443.92283510,121716,1944.21438000,32791901.61483950,0
2023-01-04 08:00:00,16869.49,16919.0,16838.65,16849.46,6358.93151,1672820999999,107318342.83450040,167035,3193.35314000,53897900.01241040,0
2023-01-04 08:30:00,16849.46,16874.87,16833.5,16864.95,4388.21053,1672822799999,73969897.60718950,144262,2211.61403000,37280744.96354890,0
2023-01-04 09:00:00,16864.51,16869.7,16850.0,16855.42,3112.53615,1672824599999,52474249.24940050,107579,1502.48991000,25330544.52216710,0
2023-01-04 09:30:00,16855.42,16864.67,16831.13,16844.91,4315.93971,1672826399999,72723046.35688050,127739,2179.42438000,36723133.69519150,0
2023-01-04 10:00:00,16844.69,16847.0,16835.0,16845.1,2988.00675,1672828199999,50323205.94833080,101439,1461.94057000,24621949.03285180,0
2023-01-04 10:30:00,16845.11,16848.06,16832.1,16844.92,3115.39046,1672829999999,52465643.36128390,108962,1511.66616000,25457964.49032240,0
2023-01-04 11:00:00,16845.3,16854.0,16838.65,16847.78,3008.17305,1672831799999,50678097.53914900,103204,1477.48906000,24891374.11823090,0
2023-01-04 11:30:00,16847.78,16854.24,16834.42,16835.35,3033.45188,1672833599999,51101535.86982730,104124,1479.11967000,24917753.98634360,0
2023-01-04 12:00:00,16835.35,16845.41,16825.41,16839.69,3898.0414,1672835399999,65627196.67715600,117685,1936.89989000,32610118.18716170,0
2023-01-04 12:30:00,16839.69,16846.95,16804.08,16812.19,4394.0682,1672837199999,73914025.43321450,130966,2122.55061000,35704344.04186400,0
2023-01-04 13:00:00,16812.57,16837.34,16808.55,16825.72,3691.70485,1672838999999,62110570.07704980,118675,1863.88167000,31358710.37014130,0
2023-01-04 13:30:00,16825.72,16831.47,16820.55,16828.2,2941.13183,1672840799999,49486972.59359330,100829,1448.81024000,24377737.84075930,0
2023-01-04 14:00:00,16828.4,16829.89,16801.0,16816.54,4126.23566,1672842599999,69379869.92251940,117868,1979.16379000,33278550.03394780,0
2023-01-04 14:30:00,16816.2,16863.09,16795.24,16830.12,7540.60588,1672844399999,126913861.23465380,197744,3645.28870000,61350984.01886690,0
2023-01-04 15:00:00,16830.12,16848.84,16765.3,16818.27,8915.37664,1672846199999,149801427.16620640,221208,4386.64286000,73710086.12175930,0
2023-01-04 15:30:00,16818.64,16858.51,16805.02,16854.05,5335.89507,1672847999999,89816653.71614540,149995,2806.55650000,47242963.14374130,0
2023-01-04 16:00:00,16853.55,16897.0,16829.0,16866.91,5996.34956,1672849799999,101119367.35899580,169293,2933.35530000,49469301.22565000,0
2023-01-04 16:30:00,16866.37,16883.42,16842.02,16858.85,4317.84101,1672851599999,72800797.79092270,136471,1927.90604000,32506058.67601000,0
2023-01-04 17:00:00,16858.85,16878.99,16849.5,16874.88,3307.47454,1672853399999,55768881.70039290,115023,1662.26323000,28028770.00376750,0
2023-01-04 17:30:00,16874.77,16940.0,16874.62,16893.24,7757.45127,1672855199999,131168675.48532740,196050,3970.20870000,67134238.72424490,0
2023-01-04 18:00:00,16892.98,16929.88,16872.07,16918.51,5138.64453,1672856999999,86863225.00565570,146528,2551.19121000,43126688.20857750,0
2023-01-04 18:30:00,16918.51,16985.91,16918.0,16948.04,6436.4783,1672858799999,109106480.91191900,170519,3284.12058000,55670066.52471440,0
2023-01-04 19:00:00,16948.04,16991.87,16789.18,16812.4,13044.6932,1672860599999,220331478.48104530,268017,6237.18805000,105361440.20721510,0
2023-01-04 19:30:00,16811.94,16845.85,16787.85,16842.36,6077.41935,1672862399999,102247972.73040340,155844,3106.86744000,52271956.32276950,0
2023-01-04 20:00:00,16842.32,16852.23,16826.37,16837.12,4447.68176,1672864199999,74891761.91738730,126889,2284.35242000,38465682.35600860,0
2023-01-04 20:30:00,16837.08,16840.75,16777.0,16806.49,6086.22291,1672865999999,102273606.43973930,141669,2975.60672000,50003915.37681930,0
2023-01-04 21:00:00,16806.49,16827.44,16793.73,16827.4,2599.27777,1672867799999,43695630.75080870,90606,1293.09197000,21738211.11835940,0
2023-01-04 21:30:00,16827.4,16832.73,16812.33,16826.81,1933.35186,1672869599999,32523431.44036310,65507,1008.61165000,16967776.46599130,0
2023-01-04 22:00:00,16827.21,16831.25,16814.93,16826.69,1703.28378,1672871399999,28656215.00127290,59532,872.09064000,14672203.70219400,0
2023-01-04 22:30:00,16827.05,16853.71,16820.98,16826.68,2334.66547,1672873199999,39300454.10192790,75810,1182.89375000,19913187.59172180,0
2023-01-04 23:00:00,16826.72,16855.84,16815.54,16852.42,3272.08631,1672874999999,55094695.59506290,100421,1632.79489000,27493365.03907280,0
2023-01-04 23:30:00,16852.83,16869.56,16849.2,16850.36,2570.74179,1672876799999,43338201.74941550,85278,1203.38787000,20287518.66885870,0
2023-01-05 00:00:00,16850.36,16878.18,16848.0,16866.0,3392.8209,1672878599999,57215301.08868540,99192,1684.86779000,28413647.87734970,0
2023-01-05 00:30:00,16865.94,16866.93,16827.24,16828.45,3230.28848,1672880399999,54426621.20579560,108654,1457.68865000,24561442.90525170,0
2023-01-05 01:00:00,16828.09,16838.23,16807.72,16833.7,3026.93819,1672882199999,50926979.71946230,94783,1441.74211000,24257287.51699560,0
2023-01-05 01:30:00,16833.59,16849.99,16831.9,16832.9,2529.51387,1672883999999,42602497.24846610,92710,1294.48250000,21802117.65944460,0
2023-01-05 02:00:00,16833.37,16837.71,16823.3,16828.59,2650.65914,1672885799999,44614802.19661050,90002,1343.77284000,22618234.61875430,0
2023-01-05 02:30:00,16828.59,16844.44,16826.81,16836.8,1893.16407,1672887599999,31874269.34404950,77222,966.00172000,16264192.93447160,0
2023-01-05 03:00:00,16836.8,16838.57,16822.79,16828.32,2696.66402,1672889399999,45386590.18319100,91006,1353.91434000,22787532.49387650,0
2023-01-05 03:30:00,16828.33,16831.39,16818.86,16827.71,2343.71854,1672891199999,39433718.56167530,86421,1148.88837000,19330724.97637630,0
2023-01-05 04:00:00,16827.71,16836.5,16821.21,16830.82,2206.9279,1672892999999,37142122.31274450,74778,1104.21111000,18583848.04262610,0
2023-01-05 04:30:00,16830.64,16842.85,16828.78,16836.41,2172.98034,1672894799999,36581491.89126730,73154,1079.80127000,18178283.92873600,0
2023-01-05 05:00:00,16836.41,16849.37,16835.04,16843.13,2274.69706,1672896599999,38312728.23288770,73965,1136.95942000,19150041.38609650,0
2023-01-05 05:30:00,16843.13,16847.94,16837.5,16844.12,2240.66987,1672898399999,37739121.51013910,74931,1107.54050000,18654261.30575490,0
2023-01-05 06:00:00,16844.12,16845.8,16822.43,16825.77,2440.35532,1672900199999,41086830.70324070,68809,1165.60354000,19624887.38726100,0
2023-01-05 06:30:00,16825.77,16828.05,16812.56,16817.13,3131.78662,1672901999999,52677470.95527210,93017,1589.93546000,26743381.71719290,0
2023-01-05 07:00:00,16817.34,16821.14,16789.87,16797.48,3829.06903,1672903799999,64363844.98587120,105904,1820.49437000,30601588.71098070,0
2023-01-05 07:30:00,16797.48,16824.4,16795.39,16823.64,2917.07221,1672905599999,49050278.93390740,95315,1520.10826000,25560394.17285110,0
2023-01-05 08:00:00,16823.05,16829.99,16811.9,16817.93,2898.51152,1672907399999,48757625.28586870,87963,1423.48262000,23945738.63327600,0
2023-01-05 08:30:00,16817.77,16818.12,16792.85,16807.53,3548.98691,1672909199999,59640951.68774050,103546,1820.79779000,30598847.82009360,0
2023-01-05 09:00:00,16807.74,16814.23,16787.64,16803.43,3179.60213,1672910999999,53423605.49996520,100877,1592.83724000,26763461.47371900,0
2023-01-05 09:30:00,16802.97,16809.83,16780.75,16807.12,4603.01569,1672912799999,77319646.20704150,124347,2246.15682000,37730926.64909020,0
2023-01-05 10:00:00,16807.22,16832.52,16803.49,16820.15,3562.68934,1672914599999,59921589.46804430,105371,1902.86209000,32005294.98056410,0
2023-01-05 10:30:00,16820.52,16837.59,16820.15,16825.08,2794.10497,1672916399999,47017946.74501870,88425,1437.64854000,24192507.96795150,0
2023-01-05 11:00:00,16825.36,16829.67,16814.71,16819.11,2517.69521,1672918199999,42355645.90296440,73744,1212.03962000,20390740.12856070,0
2023-01-05 11:30:00,16819.11,16839.0,16817.01,16833.6,3191.61528,1672919999999,53711504.94940400,92429,1634.72283000,27510736.56722020,0
2023-01-05 12:00:00,16833.6,16834.7,16816.68,16818.56,2854.87827,1672921799999,48033343.85355260,85257,1335.73763000,22474044.48795800,0
2023-01-05 12:30:00,16819.0,16833.92,16818.5,16822.13,2532.30726,1672923599999,42609388.66377360,78529,1240.49277000,20873185.20210740,0
2023-01-05 13:00:00,16822.13,16832.54,16801.04,16809.03,4466.60648,1672925399999,75108126.93407870,130983,2201.79508000,37025125.00649590,0
2023-01-05 13:30:00,16809.03,16821.0,16777.86,16780.25,5443.26114,1672927199999,91426502.10656100,156972,2624.62075000,44084182.59640760,0
2023-01-05 14:00:00,16780.79,16819.12,16753.0,16811.76,5922.36309,1672928999999,99477683.50665570,149581,2994.37748000,50298246.15157720,0
2023-01-05 14:30:00,16812.18,16837.0,16762.55,16829.59,8076.76722,1672930799999,135647689.00438770,210016,4152.85925000,69749476.71151600,0
2023-01-05 15:00:00,16830.28,16870.6,16823.1,16847.12,7669.36063,1672932599999,129221171.14654430,196915,3892.20213000,65580377.40820850,0
2023-01-05 15:30:00,16847.12,16879.82,16841.1,16842.94,4997.69039,1672934399999,84251569.39778380,137888,2520.17669000,42485960.24634610,0
2023-01-05 16:00:00,16842.94,16865.21,16829.05,16837.2,4603.16359,1672936199999,77536528.81425120,122463,2135.73043000,35975553.80159400,0
2023-01-05 16:30:00,16837.19,16841.96,16823.22,16838.28,3925.65578,1672937999999,66085581.00445040,108329,2001.49858000,33693895.12613920,0
2023-01-05 17:00:00,16837.96,16846.88,16820.0,16826.11,3345.7321,1672939799999,56324241.72113580,100834,1569.94876000,26430346.63081560,0
2023-01-05 17:30:00,16826.11,16835.98,16811.82,16814.48,3293.72704,1672941599999,55406854.90043260,101603,1613.54371000,27143122.29170260,0
2023-01-05 18:00:00,16814.18,16846.88,16800.5,16839.97,4306.22161,1672943399999,72447875.36948450,114513,2203.40890000,37070755.39888520,0
2023-01-05 18:30:00,16839.97,16847.59,16832.84,16841.93,3413.78978,1672945199999,57488532.76220590,103288,1647.91234000,27751421.33170070,0
2023-01-05 19:00:00,16841.94,16852.38,16833.52,16834.72,3241.18743,1672946999999,54590233.55034540,92469,1561.72255000,26304256.68048480,0
2023-01-05 19:30:00,16834.72,16875.5,16826.67,16863.85,4027.98717,1672948799999,67885724.63721750,115442,2035.39704000,34304125.28016070,0
2023-01-05 20:00:00,16864.29,16873.52,16846.63,16850.99,3186.64399,1672950599999,53729952.55388490,98264,1503.40284000,25349825.79436940,0
2023-01-05 20:30:00,16850.99,16862.67,16849.83,16859.02,2792.69622,1672952399999,47074953.42586210,92273,1345.05179000,22673086.37955800,0
2023-01-05 21:00:00,16859.02,16864.84,16836.01,16842.5,2992.03797,1672954199999,50425392.61017370,87702,1459.94181000,24605016.74482460,0
2023-01-05 21:30:00,16842.81,16854.83,16834.17,16848.51,2708.47913,1672955999999,45622192.14024180,83564,1406.40800000,23690173.82018660,0
2023-01-05 22:00:00,16848.51,16857.96,16846.7,16854.08,1680.20852,1672957799999,28315419.11910190,59069,800.93351000,13497819.00120260,0
2023-01-05 22:30:00,16854.08,16855.12,16832.34,16837.85,1885.85938,1672959599999,31763557.25365960,55946,868.12514000,14621812.51307990,0
2023-01-05 23:00:00,16838.09,16847.88,16818.91,16829.66,4273.49024,1672961399999,71942223.90682290,106991,2043.87314000,34408060.44845090,0
2023-01-05 23:30:00,16829.66,16840.46,16823.05,16831.85,2559.90537,1672963199999,43082330.61581280,76558,1313.85150000,22111763.14503290,0
2023-01-06 00:00:00,16831.85,16844.38,16825.85,16841.52,2519.05046,1672964999999,42402672.65503300,84244,1264.72334000,21289177.35940110,0
2023-01-06 00:30:00,16841.92,16872.57,16841.49,16859.78,3761.93334,1672966799999,63416245.89700850,102873,1985.68140000,33473593.86067470,0
2023-01-06 01:00:00,16859.44,16863.16,16848.74,16853.36,2360.38293,1672968599999,39786991.67724420,74472,1132.77351000,19094305.90089490,0
2023-01-06 01:30:00,16853.36,16855.28,16820.18,16827.8,2485.31509,1672970399999,41855467.53628710,73252,1111.52384000,18719921.25869140,0
2023-01-06 02:00:00,16827.45,16835.31,16802.01,16825.78,4356.38201,1672972199999,73278314.38607940,105283,2074.32865000,34892887.51489000,0
2023-01-06 02:30:00,16825.78,16839.79,16821.02,16837.06,2644.29708,1672973999999,44507401.64547630,80330,1357.16487000,22843289.62904470,0
2023-01-06 03:00:00,16836.65,16842.03,16826.46,16838.76,2534.94728,1672975799999,42672405.74149070,71765,1304.65200000,21962126.28939140,0
2023-01-06 03:30:00,16838.73,16841.22,16831.76,16833.56,2234.25814,1672977599999,37617949.81778970,71432,1059.18402000,17833622.69790660,0
2023-01-06 04:00:00,16833.56,16837.87,16808.16,16810.94,3270.35441,1672979399999,55020201.35367410,82815,1489.03291000,25051570.29537260,0
2023-01-06 04:30:00,16811.21,16826.59,16805.31,16822.99,2966.04501,1672981199999,49882577.01956710,86709,1455.78502000,24483769.07127040,0
2023-01-06 05:00:00,16823.24,16823.63,16810.0,16810.0,2616.04191,1672982999999,43994487.62213590,79864,1321.49324000,22224182.52007000,0
2023-01-06 05:30:00,16810.17,16815.59,16792.12,16810.18,3614.39843,1672984799999,60743299.74357040,82222,1737.11371000,29194808.11124130,0
2023-01-06 06:00:00,16809.74,16816.45,16796.08,16799.28,3147.22109,1672986599999,52895558.80248490,83074,1489.60222000,25036157.26710770,0
2023-01-06 06:30:00,16799.29,16802.1,16779.96,16786.86,3382.0065,1672988399999,56797650.84038520,92175,1648.51755000,27685693.19369830,0
2023-01-06 07:00:00,16786.6,16802.42,16780.15,16799.85,3459.84456,1672990199999,58086973.10178640,88914,1906.72495000,32012192.60701740,0
2023-01-06 07:30:00,16799.49,16802.87,16787.9,16794.06,2303.60461,1672991999999,38688694.46086880,71864,1173.86973000,19715058.76306750,0
2023-01-06 08:00:00,16794.33,16812.22,16791.47,16808.56,2910.47986,1672993799999,48900956.71938060,84717,1461.26044000,24551479.47342000,0
2023-01-06 08:30:00,16808.54,16812.0,16799.24,16802.11,2564.65954,1672995599999,43099288.82403080,79586,1300.14882000,21849484.83216100,0
2023-01-06 09:00:00,16802.11,16802.27,16762.5,16782.89,4070.53272,1672997399999,68315918.91919630,107788,1944.41855000,32633333.43998320,0
2023-01-06 09:30:00,16782.89,16794.53,16768.02,16787.1,3511.45892,1672999199999,58926469.71312140,94714,1846.20181000,30981256.47078300,0
2023-01-06 10:00:00,16787.1,16794.6,16782.01,16787.09,2793.57249,1673000999999,46898976.54315020,80515,1325.89453000,22259700.95138930,0
2023-01-06 10:30:00,16787.09,16802.98,16760.0,16767.06,3474.60542,1673002799999,58321415.46371510,94349,1720.96769000,28886299.15154080,0
2023-01-06 11:00:00,16767.15,16772.78,16709.88,16746.69,6801.5585,1673004599999,113894588.01734180,166171,3154.68501000,52826157.45496210,0
2023-01-06 11:30:00,16746.93,16755.0,16727.63,16738.22,3849.69411,1673006399999,64449758.98588390,111701,1802.38944000,30175122.48989850,0
2023-01-06 12:00:00,16738.74,16749.0,16719.09,16721.17,3683.05578,1673008199999,61630357.19618930,102533,1809.78077000,30284430.64439610,0
2023-01-06 12:30:00,16721.17,16744.95,16717.66,16731.02,3511.23279,1673009999999,58757280.54070780,107426,1806.20916000,30225379.56353810,0
2023-01-06 13:00:00,16730.65,16744.65,16684.83,16688.03,5607.33147,1673011799999,93769585.08339100,158984,2702.91221000,45202818.01484030,0
2023-01-06 13:30:00,16688.62,16817.0,16679.0,16774.19,13197.07339,1673013599999,221257520.58402600,279632,6714.69214000,112586143.68016270,0
2023-01-06 14:00:00,16774.19,16782.66,16744.27,16762.26,4580.17741,1673015399999,76771021.15932630,130140,2307.95278000,38685786.53812220,0
2023-01-06 14:30:00,16762.26,16791.49,16720.0,16748.82,6780.92556,1673017199999,113594555.60467410,179977,3317.14305000,55570654.36210380,0
2023-01-06 15:00:00,16748.82,16789.39,16748.26,16764.22,6328.81091,1673018999999,106158345.82039140,167658,3247.25361000,54470414.61485410,0
2023-01-06 15:30:00,16763.79,16849.0,16762.43,16840.82,8896.30382,1673020799999,149627454.85651670,191297,4606.14826000,77469197.91120450,0
2023-01-06 16:00:00,16840.1,16854.0,16805.04,16811.46,6664.40156,1673022599999,112131655.67309180,140223,3215.35365000,54102451.25166640,0
2023-01-06 16:30:00,16811.46,16838.79,16808.58,16827.21,4747.38991,1673024399999,79873597.71745600,127133,2461.40680000,41413103.21517940,0
2023-01-06 17:00:00,16827.21,16845.78,16813.53,16825.32,4772.9944,1673026199999,80316858.49563220,124278,2327.71227000,39169690.80391900,0
2023-01-06 17:30:00,16825.32,16832.1,16811.63,16821.27,3307.33007,1673027999999,55627062.12805020,91836,1716.66265000,28873742.99987550,0
2023-01-06 18:00:00,16821.58,16864.15,16821.12,16848.38,5854.55183,1673029799999,98618213.09597370,141754,3050.16873000,51378896.54457100,0
2023-01-06 18:30:00,16848.38,16861.12,16841.25,16850.45,3281.09365,1673031599999,55293749.00161060,101732,1630.25278000,27473985.72785460,0
2023-01-06 19:00:00,16850.64,16871.44,16845.0,16859.78,3944.71833,1673033399999,66494837.43790160,111862,1994.43473000,33620447.70662980,0
2023-01-06 19:30:00,16859.77,16965.41,16859.31,16939.91,10199.2179,1673035199999,172568355.86076640,192964,5224.99270000,88402798.15161050,0
2023-01-06 20:00:00,16940.41,17041.0,16938.08,16945.6,10366.27983,1673036999999,176025115.90174970,207820,5361.43594000,91043070.16244110,0
2023-01-06 20:30:00,16945.27,16961.42,16886.21,16897.48,5586.74181,1673038799999,94597806.49769380,137088,2670.15526000,45216088.09667810,0
2023-01-06 21:00:00,16897.96,16934.99,16889.27,16924.24,3631.45335,1673040599999,61414884.57905540,101702,1803.00446000,30492289.13663670,0
2023-01-06 21:30:00,16924.24,16952.7,16916.31,16931.27,3786.52208,1673042399999,64108679.82127250,98643,1780.93830000,30152746.93257620,0
2023-01-06 22:00:00,16931.27,16959.48,16930.68,16955.45,2571.60034,1673044199999,43574902.13851920,79375,1324.76599000,22447881.90002060,0
2023-01-06 22:30:00,16955.45,16967.41,16938.78,16958.35,2663.34976,1673045999999,45152967.49668400,77370,1326.08734000,22482166.49403180,0
2023-01-06 23:00:00,16958.35,16980.0,16944.02,16967.81,3191.19229,1673047799999,54143726.14876570,101238,1592.36114000,27017342.58118940,0
2023-01-06 23:30:00,16968.04,16969.99,16942.1,16950.65,2614.8915,1673049599999,44342211.36197520,85167,1260.26768000,21371517.56432070,0
2023-01-07 00:00:00,16950.31,16957.63,16930.46,16946.54,2906.61307,1673051399999,49251041.06624510,89256,1377.53121000,23341914.92840950,0
2023-01-07 00:30:00,16946.31,16979.38,16945.45,16978.18,2560.67375,1673053199999,43426366.83297280,76463,1321.12819000,22405606.70584600,0
2023-01-07 01:00:00,16978.15,16981.91,16944.15,16951.9,2366.42632,1673054999999,40144173.35680050,79559,1130.80090000,19183500.09862590,0
2023-01-07 01:30:00,16952.13,16969.91,16947.65,16950.02,1901.23938,1673056799999,32240170.61670990,64658,911.13359000,15450664.23328740,0
2023-01-07 02:00:00,16950.02,16956.11,16944.0,16944.14,2197.25604,1673058599999,37242283.44951710,73216,1075.09612000,18222565.06351760,0
2023-01-07 02:30:00,16944.44,16950.89,16936.26,16944.24,1994.10583,1673060399999,33790280.34202540,64962,958.81561000,16247398.78726250,0
2023-01-07 03:00:00,16943.93,16957.86,16936.58,16954.59,2120.96223,1673062199999,35947124.37097410,65171,1060.12851000,17968013.07608850,0
2023-01-07 03:30:00,16954.36,16958.06,16942.39,16952.46,1895.7277,1673063999999,32132255.52328270,66396,901.54136000,15281142.36606820,0
2023-01-07 04:00:00,16952.73,16954.45,16944.37,16945.16,1793.39474,1673065799999,30395784.95541340,60426,851.51985000,14432276.73111160,0
2023-01-07 04:30:00,16945.36,16946.61,16936.04,16938.27,1984.61777,1673067599999,33622055.25690050,67493,940.26386000,15929411.32343080,0
2023-01-07 05:00:00,16937.85,16942.06,16935.17,16939.11,1846.88108,1673069399999,31283881.07580030,59468,929.61815000,15746711.40366300,0
2023-01-07 05:30:00,16939.44,16939.45,16932.37,16934.28,1850.96749,1673071199999,31349314.32040670,59168,920.98771000,15598601.53021920,0
2023-01-07 06:00:00,16934.02,16934.74,16922.14,16929.97,2463.43299,1673072999999,41701298.03540700,73360,1243.39500000,21048396.70689450,0
2023-01-07 06:30:00,16929.66,16936.89,16928.87,16933.29,1749.05778,1673074799999,29618082.67213640,59670,910.29239000,15414773.57364230,0
2023-01-07 07:00:00,16933.56,16947.77,16931.94,16942.69,2110.84781,1673076599999,35754049.49726980,67808,1108.99920000,18784712.80026870,0
2023-01-07 07:30:00,16942.51,16948.78,16942.51,16948.09,1681.23217,1673078399999,28490391.48509160,55910,849.81309000,14401178.67597280,0
2023-01-07 08:00:00,16948.18,16954.95,16926.99,16929.12,2638.29375,1673080199999,44694387.04741500,70959,1295.09900000,21940001.08396160,0
2023-01-07 08:30:00,16929.12,16940.88,16927.84,16929.76,2279.18322,1673081999999,38593878.00849570,68998,1054.38687000,17854288.70299850,0
2023-01-07 09:00:00,16929.58,16932.29,16925.15,16929.34,2354.47662,1673083799999,39857598.86901810,72369,1156.14951000,19572084.58987950,0
2023-01-07 09:30:00,16929.34,16933.95,16921.44,16928.51,1988.62214,1673085599999,33662777.45693010,62834,997.23119000,16881083.12591720,0
2023-01-07 10:00:00,16928.78,16930.56,16918.81,16919.4,2168.42997,1673087399999,36702551.58772500,71742,1038.22417000,17573142.91050420,0
2023-01-07 10:30:00,16919.39,16924.46,16912.18,16922.51,2562.63818,1673089199999,43359690.64446220,74675,1301.34129000,22018922.74487680,0
2023-01-07 11:00:00,16922.51,16924.8,16908.07,16923.38,2694.90973,1673090999999,45586379.41478600,78964,1343.42774000,22725420.02096450,0
2023-01-07 11:30:00,16922.99,16925.9,16917.8,16918.3,2250.16904,1673092799999,38078008.74712140,73690,1124.85222000,19035292.48333940,0
2023-01-07 12:00:00,16918.3,16919.08,16908.0,16915.28,3222.49979,1673094599999,54504929.39048250,87544,1648.30102000,27879608.13035830,0
2023-01-07 12:30:00,16915.28,16920.07,16909.89,16916.14,2343.09918,1673096399999,39634554.49531490,65797,1131.59577000,19141649.49013260,0
2023-01-07 13:00:00,16916.14,16930.87,16914.69,16930.52,2574.91403,1673098199999,43574600.81866670,75126,1328.71810000,22485827.35690020,0
2023-01-07 13:30:00,16930.52,16936.58,16914.14,16919.34,2928.2194,1673099999999,49570610.42207370,75556,1412.09443000,23905121.93897660,0
2023-01-07 14:00:00,16919.34,16927.4,16908.6,16925.46,2821.22923,1673101799999,47725722.20460700,80961,1403.33898000,23740216.97997130,0
2023-01-07 14:30:00,16925.71,16947.7,16925.08,16937.92,2914.14699,1673103599999,49349428.88655140,87623,1401.12338000,23727447.05643580,0
2023-01-07 15:00:00,16937.63,16947.64,16934.35,16942.85,2057.9259,1673105399999,34862352.19484160,70154,1018.81604000,17259406.74239690,0
2023-01-07 15:30:00,16942.85,16943.76,16936.35,16940.42,1788.06024,1673107199999,30288661.39122910,56820,878.08334000,14874257.35783040,0
2023-01-07 16:00:00,16940.6,16940.61,16924.02,16924.56,2413.22698,1673108999999,40860965.76823510,71885,1128.45609000,19107271.44143000,0
2023-01-07 16:30:00,16924.56,16926.76,16916.0,16922.79,2711.74328,1673110799999,45887650.20088410,82349,1354.85285000,22926867.57028140,0
2023-01-07 17:00:00,16922.79,16928.3,16918.85,16925.1,2060.65713,1673112599999,34874887.60685960,67051,1012.74367000,17140004.34389860,0
2023-01-07 17:30:00,16925.1,16935.87,16925.1,16928.85,2045.57967,1673114399999,34632078.66726070,67607,1035.54097000,17531968.17388940,0
2023-01-07 18:00:00,16928.85,16937.28,16928.22,16936.42,1628.14409,1673116199999,27570167.03114220,50256,827.02601000,14004486.30217490,0
2023-01-07 18:30:00,16936.42,16940.0,16932.35,16938.12,1713.96831,1673117999999,29029012.31304200,55104,846.09531000,14330115.73427530,0
2023-01-07 19:00:00,16938.12,16944.6,16935.67,16937.82,1556.28727,1673119799999,26361752.47895410,50946,771.58777000,13069938.76332080,0
2023-01-07 19:30:00,16937.82,16946.13,16935.23,16944.05,1944.39309,1673121599999,32939715.22845230,60505,963.04710000,16315003.10643090,0
2023-01-07 20:00:00,16944.05,16951.92,16939.75,16943.32,2034.8385,1673123399999,34480177.77083420,59786,1005.28663000,17034659.60684380,0
2023-01-07 20:30:00,16943.32,16947.99,16937.04,16945.77,2272.94881,1673125199999,38506414.14316790,69498,1126.77733000,19089173.32190590,0
2023-01-07 21:00:00,16945.44,16948.0,16937.0,16937.66,1500.97622,1673126999999,25431762.37273080,49689,706.14211000,11964758.39163730,0
2023-01-07 21:30:00,16937.66,16950.25,16937.0,16939.31,2424.0015,1673128799999,41067306.67844500,65356,1241.16267000,21027939.03830760,0
2023-01-07 22:00:00,16939.06,16941.6,16929.46,16936.89,1939.12704,1673130599999,32842820.66193850,62273,922.63771000,15626781.23654610,0
2023-01-07 22:30:00,16936.89,16941.69,16932.17,16936.31,1666.65975,1673132399999,28228926.46995780,51775,811.12815000,13738640.20373200,0
2023-01-07 23:00:00,16936.31,16947.89,16931.05,16940.26,2175.03054,1673134199999,36846045.86491540,58033,1108.46358000,18778303.16903220,0
2023-01-07 23:30:00,16940.26,16948.04,16939.26,16943.57,1428.73306,1673135999999,24207342.51548000,48252,740.03533000,12538658.51305390,0
2023-01-08 00:00:00,16943.83,16955.0,16937.76,16938.47,2248.55531,1673137799999,38106249.87246830,68185,1046.66689000,17738241.60022610,0
2023-01-08 00:30:00,16938.47,16941.82,16911.0,16926.66,3868.46935,1673139599999,65473891.16020200,102790,1791.23850000,30316900.65554970,0
2023-01-08 01:00:00,16926.66,16936.0,16915.25,16933.12,2083.15233,1673141399999,35266518.43094000,64265,1026.61042000,17380268.94241900,0
2023-01-08 01:30:00,16933.12,16934.74,16915.43,16929.82,2309.76694,1673143199999,39096188.57148740,71137,1119.57456000,18950560.00099260,0
2023-01-08 02:00:00,16929.82,16934.0,16923.79,16925.91,1695.92187,1673144999999,28711651.86911270,54008,811.43040000,13737661.48395000,0
2023-01-08 02:30:00,16925.91,16931.86,16919.07,16931.18,1693.4273,1673146799999,28661486.76808590,57033,846.70866000,14330951.03231600,0
2023-01-08 03:00:00,16931.46,16932.46,16926.17,16931.75,1922.41404,1673148599999,32546324.98097400,62078,1009.48566000,17090686.90263580,0
2023-01-08 03:30:00,16931.75,16944.62,16928.02,16944.02,2474.08957,1673150399999,41902165.12915350,70451,1292.45092000,21889453.14308030,0
2023-01-08 04:00:00,16944.02,16944.99,16935.83,16936.94,1504.86816,1673152199999,25491786.08690830,52134,736.64578000,12478515.96222860,0
2023-01-08 04:30:00,16936.86,16939.42,16934.4,16934.75,1419.77224,1673153999999,24045867.66548890,47428,679.82633000,11513891.65614670,0
2023-01-08 05:00:00,16934.95,16942.44,16933.54,16939.32,1677.04208,1673155799999,28404838.60419860,53648,869.82980000,14732878.06377010,0
2023-01-08 05:30:00,16939.64,16944.21,16936.8,16943.73,1709.23801,1673157599999,28955590.67306570,56629,862.68629000,14614564.60528960,0
2023-01-08 06:00:00,16943.73,16944.68,16934.58,16935.1,1900.67943,1673159399999,32196586.41318000,55393,869.79973000,14734117.33631100,0
2023-01-08 06:30:00,16935.22,16951.97,16933.26,16950.92,2200.11065,1673161199999,37273463.43320070,57849,1143.95245000,19380810.52740530,0
2023-01-08 07:00:00,16950.92,16952.03,16943.16,16950.96,1845.4266,1673162999999,31275106.98018970,52407,900.16851000,15255526.93182230,0
2023-01-08 07:30:00,16950.96,16957.12,16945.67,16953.77,2410.47352,1673164799999,40861809.68140220,67077,1115.66632000,18912731.56033090,0
2023-01-08 08:00:00,16953.77,16956.01,16944.0,16947.14,2620.41848,1673166599999,44419827.35400900,68694,1194.92152000,20255954.33033040,0
2023-01-08 08:30:00,16947.14,16950.0,16940.01,16946.07,2226.16218,1673168399999,37723352.36431450,64774,1068.64702000,18108938.56915100,0
2023-01-08 09:00:00,16945.91,16956.04,16944.22,16954.39,2639.01244,1673170199999,44730448.81515570,80650,1310.78400000,22217818.54054150,0
2023-01-08 09:30:00,16954.25,16967.67,16925.05,16935.6,4471.80879,1673171999999,75761638.83752460,106594,2175.05371000,36847758.69951590,0
2023-01-08 10:00:00,16935.6,16939.75,16934.0,16935.77,2003.80755,1673173799999,33937514.73700850,70455,960.84023000,16273427.71795770,0
2023-01-08 10:30:00,16935.97,16940.0,16933.14,16936.41,1933.79581,1673175599999,32751271.16977680,69133,968.08606000,16395985.75228330,0
2023-01-08 11:00:00,16936.41,16941.89,16934.98,16937.28,1934.65035,1673177399999,32768196.92992990,64249,955.84852000,16189861.22971740,0
2023-01-08 11:30:00,16937.28,16954.0,16926.3,16927.42,2604.75469,1673179199999,44116942.76435850,77182,1290.19503000,21853861.24064360,0
2023-01-08 12:00:00,16927.42,16932.51,16923.01,16926.71,2272.97903,1673180999999,38475895.63485270,82715,1095.08065000,18537246.38141670,0
2023-01-08 12:30:00,16926.42,16930.5,16921.4,16923.75,1945.22324,1673182799999,32924733.07348990,77643,971.94443000,16451278.07268700,0
2023-01-08 13:00:00,16924.01,16938.49,16920.37,16932.96,2262.03027,1673184599999,38292043.97309850,82122,1233.24852000,20876849.07886740,0
2023-01-08 13:30:00,16933.26,16935.85,16929.22,16933.03,1823.77846,1673186399999,30880535.98616110,75712,910.49025000,15416763.82118030,0
2023-01-08 14:00:00,16933.32,16940.99,16931.25,16940.37,2423.75383,1673188199999,41049532.94486370,81248,1228.92051000,20813685.83864250,0
2023-01-08 14:30:00,16940.09,16954.3,16939.02,16952.44,3146.5325,1673189999999,53321036.57384230,98300,1552.82115000,26314473.31635170,0
2023-01-08 15:00:00,16952.44,16959.0,16938.0,16950.27,2704.93925,1673191799999,45837564.43926750,88579,1344.36068000,22781673.63274720,0
2023-01-08 15:30:00,16950.27,17019.79,16945.02,17000.43,6507.30173,1673193599999,110480191.54409170,154527,3544.45671000,60180401.40253340,0
2023-01-08 16:00:00,17000.43,17022.08,16925.67,16932.62,6485.44372,1673195399999,110040350.06298770,171901,2964.92060000,50308782.88840480,0
2023-01-08 16:30:00,16932.89,16950.0,16916.1,16936.87,4132.88497,1673197199999,69993527.26316270,127274,1989.81492000,33700586.61259290,0
2023-01-08 17:00:00,16936.87,16952.03,16923.53,16942.09,2750.52276,1673198999999,46593354.43912750,94678,1366.51213000,23148940.22921190,0
2023-01-08 17:30:00,16942.29,16943.7,16920.3,16928.5,2584.52344,1673200799999,43760178.92380000,89819,1203.09134000,20370540.68868820,0
2023-01-08 18:00:00,16928.89,16934.7,16919.94,16931.01,2002.52708,1673202599999,33900620.39173470,79082,999.85855000,16926752.48018110,0
2023-01-08 18:30:00,16930.78,16936.49,16922.0,16929.84,1899.68969,1673204399999,32160149.11124370,68717,916.59044000,15517233.55454790,0
2023-01-08 19:00:00,16930.03,16937.0,16923.84,16931.45,1728.67754,1673206199999,29265793.94588980,68977,848.80199000,14370091.28720050,0
2023-01-08 19:30:00,16931.45,16939.45,16926.7,16927.25,1973.39863,1673207999999,33414548.78445560,65130,958.96059000,16237816.60124570,0
2023-01-08 20:00:00,16927.25,16967.17,16924.41,16957.65,4730.95154,1673209799999,80167523.01726130,131926,2424.90647000,41091080.08502120,0
2023-01-08 20:30:00,16957.65,16982.43,16953.34,16966.67,4016.86116,1673211599999,68157723.63272580,111213,1956.64564000,33200689.61178700,0
2023-01-08 21:00:00,16966.95,16978.34,16961.45,16971.04,2746.11144,1673213399999,46599487.53675390,92541,1329.26040000,22556929.28326120,0
2023-01-08 21:30:00,16971.04,16988.02,16945.5,16957.46,3275.78294,1673215199999,55582912.43955440,100468,1662.97635000,28217699.83486980,0
2023-01-08 22:00:00,16957.28,16969.16,16952.67,16968.26,2187.6934,1673216999999,37105581.95577920,73927,1121.41701000,19020667.44635470,0
2023-01-08 22:30:00,16968.4,16976.53,16958.83,16963.14,2406.10775,1673218799999,40825327.91736100,75790,1181.26449000,20042934.52127070,0
2023-01-08 23:00:00,16963.27,17096.0,16962.95,17049.55,9129.77257,1673220599999,155523076.56183060,197564,4795.76385000,81690618.58402760,0
2023-01-08 23:30:00,17049.55,17176.99,17033.78,17127.83,6620.59232,1673222399999,113095290.51307480,151996,3551.37752000,60671901.02314510,0
2023-01-09 00:00:00,17127.83,17186.44,17104.94,17111.79,8948.23189,1673224199999,153347164.72708480,205232,4332.18818000,74245081.29589170,0
2023-01-09 00:30:00,17111.5,17199.0,17104.66,17184.51,7715.26407,1673225999999,132349061.27645750,180946,3970.59673000,68113845.26709060,0
2023-01-09 01:00:00,17185.28,17191.62,17145.52,17169.35,4609.31079,1673227799999,79118952.57639270,135471,2264.09532000,38863683.40911140,0
2023-01-09 01:30:00,17169.35,17230.0,17148.58,17175.02,6634.05743,1673229599999,114008944.15519010,170782,3402.47882000,58474800.65196550,0
2023-01-09 02:00:00,17175.02,17230.0,17161.7,17224.08,6773.16688,1673231399999,116459194.16889830,174850,3477.80881000,59800281.47527020,0
2023-01-09 02:30:00,17224.08,17252.6,17185.0,17191.47,7891.66524,1673233199999,135905319.53913270,183653,4088.60580000,70414397.85455560,0
2023-01-09 03:00:00,17191.47,17199.66,17176.72,17186.03,3935.62043,1673234999999,67649336.13763670,99001,1887.57452000,32446085.38252040,0
2023-01-09 03:30:00,17186.03,17217.34,17180.11,17197.0,4291.84741,1673236799999,73822210.88810080,101837,2205.79807000,37941007.11667840,0
2023-01-09 04:00:00,17197.0,17237.85,17194.32,17231.14,5169.1157,1673238599999,88962429.62408610,114257,2643.31683000,45493220.57827400,0
2023-01-09 04:30:00,17230.95,17253.19,17219.4,17226.49,5838.02109,1673240399999,100602665.90808190,128170,2946.95636000,50786027.16820590,0
2023-01-09 05:00:00,17227.11,17262.56,17219.04,17235.13,3777.36196,1673242199999,65106418.46128680,97743,1914.57303000,33000371.79676980,0
2023-01-09 05:30:00,17235.12,17239.03,17200.6,17205.95,4881.43253,1673243999999,84044167.24647450,102178,2280.47741000,39264161.79610830,0
2023-01-09 06:00:00,17205.95,17220.59,17191.67,17210.01,3664.18992,1673245799999,63045341.91781890,94130,1931.68486000,33237052.55162490,0
2023-01-09 06:30:00,17209.58,17218.64,17180.0,17189.24,3342.4156,1673247599999,57483461.82909460,90366,1643.21612000,28261420.00311220,0
2023-01-09 07:00:00,17189.25,17215.48,17183.92,17203.17,3594.06969,1673249399999,61805471.76114130,97393,1854.21181000,31886710.46025880,0
2023-01-09 07:30:00,17203.17,17211.06,17191.52,17198.48,3279.74236,1673251199999,56410364.51808980,94250,1605.46517000,27614023.08207460,0
2023-01-09 08:00:00,17198.01,17210.99,17186.95,17209.55,3855.25326,1673252999999,66303083.25448790,105363,1986.41460000,34163350.30553680,0
2023-01-09 08:30:00,17209.44,17240.0,17188.83,17191.68,4873.99218,1673254799999,83882377.00712280,122295,2458.85673000,42319071.31613820,0
2023-01-09 09:00:00,17191.68,17220.0,17189.53,17215.58,3480.85277,1673256599999,59885375.24083720,101863,1820.56144000,31322430.21232220,0
2023-01-09 09:30:00,17215.59,17270.0,17214.76,17238.38,8207.81217,1673258399999,141528593.63769940,176398,4188.90039000,72231442.67290880,0
2023-01-09 10:00:00,17238.38,17281.87,17235.59,17261.63,5152.40885,1673260199999,88901609.59893080,132922,2628.34888000,45351630.63020770,0
2023-01-09 10:30:00,17261.63,17285.48,17251.5,17264.5,5212.41593,1673261999999,89992092.49177450,137167,2519.20830000,43495338.02506400,0
2023-01-09 11:00:00,17264.1,17278.87,17254.49,17269.59,3926.51529,1673263799999,67798169.44872230,105493,1972.71204000,34062937.19589490,0
2023-01-09 11:30:00,17269.38,17272.0,17236.21,17238.93,3758.94677,1673265599999,64861470.70722910,101036,1829.82100000,31573846.49660170,0
2023-01-09 12:00:00,17239.47,17252.0,17237.27,17237.81,3756.99416,1673267399999,64788370.75307960,100372,1862.34835000,32116153.29534100,0
2023-01-09 12:30:00,17237.35,17254.97,17228.85,17249.06,3945.66326,1673269199999,68043096.33855760,104117,1908.61427000,32914908.09460280,0
2023-01-09 13:00:00,17249.4,17271.58,17243.79,17268.75,3835.21059,1673270999999,66182361.48813880,97740,1979.56959000,34160903.77267180,0
2023-01-09 13:30:00,17268.75,17295.55,17190.74,17226.9,7935.46186,1673272799999,136845477.05387500,180101,3907.54811000,67387100.86868490,0
2023-01-09 14:00:00,17227.3,17257.23,17206.98,17246.11,5171.37275,1673274599999,89123289.07400420,141896,2629.96899000,45325699.37497520,0
2023-01-09 14:30:00,17245.86,17276.13,17219.31,17264.25,8011.085,1673276399999,138169214.56884820,187364,4025.24952000,69427357.93035470,0
2023-01-09 15:00:00,17263.67,17311.65,17228.67,17240.01,8391.76092,1673278199999,144888104.34640070,177726,4126.25028000,71248103.74474530,0
2023-01-09 15:30:00,17240.0,17335.35,17237.79,17268.49,9466.48314,1673279999999,163675282.77753480,209300,4804.81498000,83079063.24821330,0
2023-01-09 16:00:00,17268.49,17343.25,17268.02,17303.4,7840.37485,1673281799999,135613857.64676590,183656,3935.91155000,68081187.27293520,0
2023-01-09 16:30:00,17303.4,17357.7,17302.39,17327.84,8353.34838,1673283599999,144781265.34889540,192478,3963.70406000,68699146.38334430,0
2023-01-09 17:00:00,17328.25,17375.77,17316.43,17354.86,6977.16905,1673285399999,121035107.41958010,172255,3297.63687000,57205005.28386270,0
2023-01-09 17:30:00,17354.86,17360.0,17321.61,17356.96,5576.64139,1673287199999,96690044.06784810,125382,2599.36432000,45069556.98986840,0
2023-01-09 18:00:00,17356.57,17398.8,17348.4,17376.59,6476.92123,1673288999999,112549568.44921930,145064,3165.86709000,55013524.34925970,0
2023-01-09 18:30:00,17377.03,17393.37,17323.71,17350.71,7789.79855,1673290799999,135169982.44049810,164281,3615.55646000,62737106.18476740,0
2023-01-09 19:00:00,17351.1,17352.68,17310.58,17327.34,4879.80032,1673292599999,84589836.85482980,116876,2331.34723000,40413430.62919260,0
2023-01-09 19:30:00,17327.34,17342.5,17293.34,17293.69,4626.86089,1673294399999,80156008.86044690,106223,2146.62437000,37190002.60688030,0
2023-01-09 20:00:00,17294.19,17313.3,17230.51,17248.32,8609.4292,1673296199999,148621747.94536630,176816,4101.22029000,70797365.61142600,0
2023-01-09 20:30:00,17248.32,17249.82,17177.87,17221.29,8174.8662,1673297999999,140699006.40608770,160453,3912.02872000,67331038.06683140,0
2023-01-09 21:00:00,17221.29,17246.26,17193.44,17233.16,5117.09372,1673299799999,88116232.91556910,110702,2596.40994000,44710833.66091950,0
2023-01-09 21:30:00,17232.66,17235.85,17165.04,17182.48,5524.35573,1673301599999,94960606.36156650,117533,2594.61905000,44600084.51117620,0
2023-01-09 22:00:00,17182.36,17211.01,17167.35,17209.11,3296.05357,1673303399999,56651932.95196850,75520,1698.61619000,29195767.00196100,0
2023-01-09 22:30:00,17209.11,17222.32,17190.27,17204.83,2148.19224,1673305199999,36971449.59300100,56161,1077.11574000,18538166.86826150,0
2023-01-09 23:00:00,17204.83,17205.57,17128.0,17171.08,4777.83246,1673306999999,82028302.53222640,104219,2230.22703000,38291040.38325380,0
2023-01-09 23:30:00,17171.08,17198.14,17169.9,17178.26,2715.04756,1673308799999,46660928.23008980,68636,1384.04095000,23786401.92161680,0
2023-01-10 00:00:00,17179.04,17200.81,17178.19,17197.82,3501.05959,1673310599999,60178774.58185680,85458,1890.92049000,32502503.75691210,0
2023-01-10 00:30:00,17197.11,17220.29,17190.71,17219.19,3694.91101,1673312399999,63583427.53310410,93167,1818.67862000,31296467.02683790,0
2023-01-10 01:00:00,17219.19,17235.0,17196.07,17196.34,5009.074,1673314199999,86226997.58796780,103686,2380.20190000,40974191.75357140,0
2023-01-10 01:30:00,17196.34,17210.9,17188.31,17194.39,3610.65128,1673315999999,62098695.29668220,87160,1785.29453000,30705179.93878560,0
2023-01-10 02:00:00,17193.97,17215.0,17172.07,17185.74,3360.69374,1673317799999,57785047.25636180,86830,1664.21022000,28615330.67880860,0
2023-01-10 02:30:00,17185.73,17196.47,17146.34,17185.94,6260.10411,1673319599999,107514997.92255940,142113,3099.25713000,53229579.41318410,0
2023-01-10 03:00:00,17185.73,17199.0,17172.47,17196.23,3109.97217,1673321399999,53452834.77231720,81100,1548.87040000,26621650.97903970,0
2023-01-10 03:30:00,17196.69,17208.17,17189.74,17205.72,2399.7032,1673323199999,41266613.83344260,72486,1184.03976000,20361666.33946420,0
2023-01-10 04:00:00,17205.31,17210.29,17197.99,17203.85,2874.91292,1673324999999,49459869.93262020,76475,1409.65387000,24252023.88158820,0
2023-01-10 04:30:00,17204.25,17222.5,17196.04,17221.68,3590.26375,1673326799999,61790342.26652630,87880,1812.10405000,31188469.93957420,0
2023-01-10 05:00:00,17222.05,17224.06,17208.0,17215.23,3016.41439,1673328599999,51934491.57240710,81558,1437.15761000,24744342.98046440,0
2023-01-10 05:30:00,17215.23,17233.91,17207.05,17228.77,2460.96973,1673330399999,42384194.01878390,70276,1221.34742000,21035184.84701920,0
2023-01-10 06:00:00,17228.66,17233.5,17209.63,17211.3,3324.28036,1673332199999,57248281.01900770,74653,1653.04930000,28468080.27476960,0
2023-01-10 06:30:00,17210.92,17213.99,17189.15,17203.95,3919.60587,1673333999999,67419647.08946900,84928,1958.88839000,33694433.61781710,0
2023-01-10 07:00:00,17203.95,17207.87,17192.38,17196.18,3496.97193,1673335799999,60150072.04889140,76115,1614.57112000,27771928.02375410,0
2023-01-10 07:30:00,17196.46,17211.0,17192.0,17203.2,3306.1541,1673337599999,56873578.27710650,76073,1657.52535000,28513237.35750350,0
2023-01-10 08:00:00,17203.2,17270.69,17187.73,17253.35,5802.3246,1673339399999,99933444.94439990,133608,3038.38686000,52331595.48347520,0
2023-01-10 08:30:00,17253.27,17265.51,17237.64,17256.34,4262.78248,1673341199999,73534467.58347210,109832,2045.37239000,35284596.02023040,0
2023-01-10 09:00:00,17256.34,17277.87,17248.46,17274.8,3837.10659,1673342999999,66231028.93587610,101946,1922.37694000,33182865.70899820,0
2023-01-10 09:30:00,17274.8,17276.23,17242.12,17247.71,3266.57002,1673344799999,56361258.41343050,95416,1496.92742000,25828104.24652580,0
2023-01-10 10:00:00,17247.71,17261.17,17233.48,17260.29,3475.63054,1673346599999,59941692.26122430,96119,1731.19045000,29857052.54364440,0
2023-01-10 10:30:00,17260.29,17276.6,17259.97,17271.02,3305.79536,1673348399999,57082408.35133310,94342,1658.20027000,28633143.76221460,0
2023-01-10 11:00:00,17271.02,17276.85,17262.43,17273.77,3398.08067,1673350199999,58685336.76147330,92829,1632.94204000,28201733.46456840,0
2023-01-10 11:30:00,17273.77,17286.02,17250.95,17252.89,3734.71395,1673351999999,64465703.06914800,106596,1727.76994000,29824935.70007250,0
2023-01-10 12:00:00,17252.89,17257.19,17226.09,17237.85,4469.56918,1673353799999,77068755.75210670,109528,2113.23980000,36439583.24501170,0
2023-01-10 12:30:00,17237.81,17247.03,17218.44,17224.15,3849.52973,1673355599999,66333924.48756840,105992,1840.77723000,31720401.95670600,0
2023-01-10 13:00:00,17224.15,17244.99,17222.79,17238.48,3491.50593,1673357399999,60173873.53656140,99861,1714.18581000,29543312.27181740,0
2023-01-10 13:30:00,17238.06,17255.55,17212.14,17246.05,5048.30777,1673359199999,86997939.66643540,129192,2428.76985000,41856077.21832220,0
2023-01-10 14:00:00,17246.45,17303.8,17244.93,17272.41,8619.21619,1673360999999,148851982.13273500,189148,4236.10079000,73158467.90734280,0
2023-01-10 14:30:00,17272.0,17326.07,17220.0,17286.59,12643.85856,1673362799999,218398893.23867180,244605,6151.23184000,106254451.89322280,0
2023-01-10 15:00:00,17287.01,17375.0,17272.23,17330.66,11312.41441,1673364599999,196047476.92672120,225839,5625.32157000,97483459.10819460,0
2023-01-10 15:30:00,17330.66,17334.23,17271.38,17327.7,8088.96633,1673366399999,139941612.59246050,196045,3814.80013000,65997980.53031260,0
2023-01-10 16:00:00,17327.7,17341.97,17312.35,17318.51,5712.71468,1673368199999,98988340.06238370,149395,2687.07398000,46562094.54535510,0
2023-01-10 16:30:00,17319.29,17327.15,17282.0,17302.15,5230.69724,1673369999999,90503644.96775720,142471,2645.58514000,45775789.41060640,0
2023-01-10 17:00:00,17302.55,17324.48,17287.11,17310.16,3628.33131,1673371799999,62800115.99255800,106541,1813.23989000,31384485.38599690,0
2023-01-10 17:30:00,17310.16,17339.29,17304.83,17325.97,3409.81781,1673373599999,59069632.98539060,100043,1763.99771000,30558983.52520070,0
2023-01-10 18:00:00,17325.61,17404.66,17323.02,17378.21,7338.99333,1673375399999,127411821.70063640,152337,3960.11779000,68752150.49768790,0
2023-01-10 18:30:00,17378.21,17443.95,17377.12,17433.95,7502.38608,1673377199999,130675265.69432240,163216,3870.49122000,67416505.79868690,0
2023-01-10 19:00:00,17433.7,17456.07,17398.28,17421.7,6186.12951,1673378999999,107811272.87214360,146248,3032.00615000,52844309.60262880,0
2023-01-10 19:30:00,17421.48,17453.07,17414.33,17432.85,4070.74649,1673380799999,70961915.89764430,116771,2015.20152000,35130056.77862030,0
2023-01-10 20:00:00,17432.85,17495.69,17405.3,17456.9,7285.37354,1673382599999,127131354.59285010,160385,3711.67475000,64773455.87601650,0
2023-01-10 20:30:00,17456.9,17490.45,17435.33,17477.15,4729.87588,1673384399999,82581496.63686900,127923,2318.96191000,40488659.45894570,0
2023-01-10 21:00:00,17477.95,17485.48,17448.75,17451.96,3055.4352,1673386199999,53349700.38004660,95109,1406.36729000,24556585.13547890,0
2023-01-10 21:30:00,17451.96,17499.0,17448.81,17463.56,4024.89583,1673387999999,70317722.13000070,110975,2051.48067000,35842058.95644140,0
2023-01-10 22:00:00,17463.86,17464.56,17419.92,17438.11,3869.11544,1673389799999,67484230.05302950,100145,1928.60713000,33639116.18738170,0
2023-01-10 22:30:00,17438.11,17446.27,17418.98,17428.08,2808.8841,1673391599999,48971088.32061270,81921,1425.13533000,24846351.56780290,0
2023-01-10 23:00:00,17428.08,17439.61,17403.73,17431.91,3905.54686,1673393399999,68056833.68971420,101023,1944.32286000,33881383.63810140,0
2023-01-10 23:30:00,17432.49,17444.97,17423.35,17440.66,3081.36805,1673395199999,53715554.09242450,83392,1489.82923000,25971837.05290290,0
2023-01-11 00:00:00,17440.64,17456.36,17428.37,17433.92,3464.13444,1673396999999,60415146.12800900,93704,1680.68897000,29311883.59074600,0
2023-01-11 00:30:00,17433.92,17502.83,17432.78,17466.02,5062.24017,1673398799999,88439726.49016680,113959,2560.79256000,44737564.00386620,0
2023-01-11 01:00:00,17466.02,17510.0,17439.66,17439.88,5018.84907,1673400599999,87720821.69256550,116210,2481.28008000,43371211.26248350,0
2023-01-11 01:30:00,17439.88,17473.32,17436.03,17458.05,3049.94101,1673402399999,53235165.31750940,95562,1549.03603000,27037468.53622770,0
2023-01-11 02:00:00,17458.49,17462.7,17413.03,17423.87,3937.60412,1673404199999,68648128.68588420,103319,1918.97948000,33454372.57261190,0
2023-01-11 02:30:00,17423.85,17434.0,17383.08,17388.2,4010.98004,1673405999999,69850108.05816220,103273,1941.66835000,33814507.33378820,0
2023-01-11 03:00:00,17387.67,17414.35,17366.58,17410.69,4549.10986,1673407799999,79126851.77553570,113416,2281.25251000,39680870.65628480,0
2023-01-11 03:30:00,17410.49,17425.2,17405.11,17416.14,2853.62609,1673409599999,49693415.80541930,78842,1439.16638000,25062129.07119860,0
2023-01-11 04:00:00,17416.49,17425.42,17404.45,17406.81,2296.03146,1673411399999,39985953.87435550,78098,1133.95124000,19748553.06406660,0
2023-01-11 04:30:00,17406.45,17418.02,17391.0,17408.39,2954.30269,1673413199999,51423542.95422600,93503,1499.60123000,26102933.10377450,0
2023-01-11 05:00:00,17407.98,17423.98,17397.27,17419.4,2769.78291,1673414999999,48230511.78217400,83129,1472.61847000,25642840.78345630,0
2023-01-11 05:30:00,17419.05,17436.73,17400.28,17406.3,3349.5368,1673416799999,58354743.48972010,92724,1662.24182000,28959007.05563210,0
2023-01-11 06:00:00,17406.16,17428.03,17388.0,17426.73,4405.72662,1673418599999,76708922.69805600,101322,2259.51005000,39340115.37538800,0
2023-01-11 06:30:00,17426.73,17442.47,17417.05,17437.29,4603.90755,1673420399999,80244923.76698120,88226,2301.42183000,40113121.97157820,0
2023-01-11 07:00:00,17436.89,17456.07,17426.07,17452.49,3691.91878,1673422199999,64384602.54444060,85476,1795.47099000,31312270.36059030,0
2023-01-11 07:30:00,17452.1,17462.99,17435.0,17446.65,5655.68399,1673423999999,98671709.50124740,95458,2784.17952000,48575296.74081480,0
2023-01-11 08:00:00,17447.02,17451.38,17408.68,17425.97,4640.122,1673425799999,80901337.07233780,102767,2212.00256000,38568351.46275640,0
2023-01-11 08:30:00,17425.44,17450.0,17413.74,17447.6,3956.78744,1673427599999,68964169.30049290,98639,2018.84546000,35187820.19636590,0
2023-01-11 09:00:00,17447.95,17472.15,17442.16,17449.9,4983.46665,1673429399999,86987907.04790440,116917,2416.59860000,42183765.09725030,0
2023-01-11 09:30:00,17450.45,17466.24,17439.7,17446.71,3176.09554,1673431199999,55432545.01000580,84634,1511.86032000,26387090.93755590,0
2023-01-11 10:00:00,17446.86,17458.94,17442.58,17445.46,2827.31895,1673432999999,49336923.72014570,80565,1346.75538000,23501479.70565950,0
2023-01-11 10:30:00,17445.97,17459.0,17435.18,17441.24,3345.35101,1673434799999,58360470.64660030,91226,1522.19122000,26555799.25048370,0
2023-01-11 11:00:00,17441.24,17442.87,17427.86,17442.38,3085.44599,1673436599999,53799206.06764080,86199,1476.26146000,25740979.56468060,0
2023-01-11 11:30:00,17442.38,17454.51,17429.85,17437.75,3971.78776,1673438399999,69263578.72274670,91526,1891.67695000,32989306.42886690,0
2023-01-11 12:00:00,17437.75,17437.75,17402.0,17410.42,5012.43002,1673440199999,87314484.09613760,108232,2321.06394000,40432002.06179950,0
2023-01-11 12:30:00,17409.94,17426.64,17406.16,17418.56,4139.07729,1673441999999,72099012.40575840,94472,1928.33791000,33589949.06745000,0
